areaType,areaName,areaCode,date,newCasesBySpecimenDate,cumCasesBySpecimenDate,newFirstEpisodesBySpecimenDate,cumFirstEpisodesBySpecimenDate,newReinfectionsBySpecimenDate,cumReinfectionsBySpecimenDate
nation,England,E92000001,2022-09-14,2752,19888584,1983,18641951,769,1246633
nation,England,E92000001,2022-09-13,4122,19885832,3051,18639968,1071,1245864
nation,England,E92000001,2022-09-12,4463,19881710,3163,18636917,1300,1244793
nation,England,E92000001,2022-09-11,3789,19877247,2767,18633754,1022,1243493
nation,England,E92000001,2022-09-10,2794,19873458,2075,18630987,719,1242471
nation,England,E92000001,2022-09-09,3043,19870664,2278,18628912,765,1241752
nation,England,E92000001,2022-09-08,3226,19867621,2352,18626634,874,1240987
nation,England,E92000001,2022-09-07,3726,19864395,2722,18624282,1004,1240113
nation,England,E92000001,2022-09-06,3926,19860669,2855,18621560,1071,1239109
nation,England,E92000001,2022-09-05,4375,19856743,3146,18618705,1229,1238038
nation,England,E92000001,2022-09-04,3755,19852368,2766,18615559,989,1236809
nation,England,E92000001,2022-09-03,2965,19848613,2208,18612793,757,1235820
nation,England,E92000001,2022-09-02,3230,19845648,2430,18610585,800,1235063
nation,England,E92000001,2022-09-01,3758,19842418,2730,18608155,1028,1234263
nation,England,E92000001,2022-08-31,3959,19838660,2923,18605425,1036,1233235
nation,England,E92000001,2022-08-30,4471,19834701,3160,18602502,1311,1232199
nation,England,E92000001,2022-08-29,3934,19830230,2838,18599342,1096,1230888
nation,England,E92000001,2022-08-28,2881,19826296,2192,18596504,689,1229792
nation,England,E92000001,2022-08-27,2586,19823415,1963,18594312,623,1229103
nation,England,E92000001,2022-08-26,2986,19820829,2281,18592349,705,1228480
nation,England,E92000001,2022-08-25,3250,19817843,2395,18590068,855,1227775
nation,England,E92000001,2022-08-24,3894,19814593,2889,18587673,1005,1226920
nation,England,E92000001,2022-08-23,4015,19810699,3005,18584784,1010,1225915
nation,England,E92000001,2022-08-22,4504,19806684,3322,18581779,1182,1224905
nation,England,E92000001,2022-08-21,3532,19802180,2603,18578457,929,1223723
nation,England,E92000001,2022-08-20,2825,19798648,2165,18575854,660,1222794
nation,England,E92000001,2022-08-19,3312,19795823,2485,18573689,827,1222134
nation,England,E92000001,2022-08-18,3857,19792511,2871,18571204,986,1221307
nation,England,E92000001,2022-08-17,4380,19788654,3264,18568333,1116,1220321
nation,England,E92000001,2022-08-16,4826,19784274,3605,18565069,1221,1219205
nation,England,E92000001,2022-08-15,5592,19779448,4170,18561464,1422,1217984
nation,England,E92000001,2022-08-14,4776,19773856,3617,18557294,1159,1216562
nation,England,E92000001,2022-08-13,3967,19769080,3044,18553677,923,1215403
nation,England,E92000001,2022-08-12,4773,19765113,3649,18550633,1124,1214480
nation,England,E92000001,2022-08-11,5436,19760340,4075,18546984,1361,1213356
nation,England,E92000001,2022-08-10,5984,19754904,4493,18542909,1491,1211995
nation,England,E92000001,2022-08-09,6459,19748920,4923,18538416,1536,1210504
nation,England,E92000001,2022-08-08,7222,19742461,5306,18533493,1916,1208968
nation,England,E92000001,2022-08-07,5895,19735239,4489,18528187,1406,1207052
nation,England,E92000001,2022-08-06,4850,19729344,3759,18523698,1091,1205646
nation,England,E92000001,2022-08-05,5858,19724494,4489,18519939,1369,1204555
nation,England,E92000001,2022-08-04,6517,19718636,4970,18515450,1547,1203186
nation,England,E92000001,2022-08-03,7410,19712119,5718,18510480,1692,1201639
nation,England,E92000001,2022-08-02,8159,19704709,6171,18504762,1988,1199947
nation,England,E92000001,2022-08-01,8812,19696550,6647,18498591,2165,1197959
nation,England,E92000001,2022-07-31,7666,19687738,5884,18491944,1782,1195794
nation,England,E92000001,2022-07-30,6611,19680072,5144,18486060,1467,1194012
nation,England,E92000001,2022-07-29,7581,19673461,5848,18480916,1733,1192545
nation,England,E92000001,2022-07-28,8334,19665880,6346,18475068,1988,1190812
nation,England,E92000001,2022-07-27,9430,19657546,7186,18468722,2244,1188824
nation,England,E92000001,2022-07-26,10477,19648116,8048,18461536,2429,1186580
nation,England,E92000001,2022-07-25,11927,19637639,9137,18453488,2790,1184151
nation,England,E92000001,2022-07-24,10213,19625712,7838,18444351,2375,1181361
nation,England,E92000001,2022-07-23,8905,19615499,6974,18436513,1931,1178986
nation,England,E92000001,2022-07-22,11174,19606594,8655,18429539,2519,1177055
nation,England,E92000001,2022-07-21,12788,19595420,9868,18420884,2920,1174536
nation,England,E92000001,2022-07-20,14535,19582632,11292,18411016,3243,1171616
nation,England,E92000001,2022-07-19,14863,19568097,11345,18399724,3518,1168373
nation,England,E92000001,2022-07-18,16915,19553234,12793,18388379,4122,1164855
nation,England,E92000001,2022-07-17,15701,19536319,12069,18375586,3632,1160733
nation,England,E92000001,2022-07-16,13671,19520618,10674,18363517,2997,1157101
nation,England,E92000001,2022-07-15,16625,19506947,12841,18352843,3784,1154104
nation,England,E92000001,2022-07-14,19340,19490322,14752,18340002,4588,1150320
nation,England,E92000001,2022-07-13,21640,19470982,16643,18325250,4997,1145732
nation,England,E92000001,2022-07-12,24372,19449342,18601,18308607,5771,1140735
nation,England,E92000001,2022-07-11,27196,19424970,20617,18290006,6579,1134964
nation,England,E92000001,2022-07-10,23037,19397774,17800,18269389,5237,1128385
nation,England,E92000001,2022-07-09,19351,19374737,15266,18251589,4085,1123148
nation,England,E92000001,2022-07-08,22169,19355386,17500,18236323,4669,1119063
nation,England,E92000001,2022-07-07,24048,19333217,18599,18218823,5449,1114394
nation,England,E92000001,2022-07-06,26726,19309169,20639,18200224,6087,1108945
nation,England,E92000001,2022-07-05,28115,19282443,21782,18179585,6333,1102858
nation,England,E92000001,2022-07-04,30382,19254328,23332,18157803,7050,1096525
nation,England,E92000001,2022-07-03,25170,19223946,19475,18134471,5695,1089475
nation,England,E92000001,2022-07-02,19588,19198776,15548,18114996,4040,1083780
nation,England,E92000001,2022-07-01,21059,19179188,16744,18099448,4315,1079740
nation,England,E92000001,2022-06-30,21505,19158129,16829,18082704,4676,1075425
nation,England,E92000001,2022-06-29,21719,19136624,17056,18065875,4663,1070749
nation,England,E92000001,2022-06-28,21868,19114905,17359,18048819,4509,1066086
nation,England,E92000001,2022-06-27,21896,19093037,17276,18031460,4620,1061577
nation,England,E92000001,2022-06-26,18036,19071141,14408,18014184,3628,1056957
nation,England,E92000001,2022-06-25,14472,19053105,11841,17999776,2631,1053329
nation,England,E92000001,2022-06-24,15622,19038633,12675,17987935,2947,1050698
nation,England,E92000001,2022-06-23,16696,19023011,13493,17975260,3203,1047751
nation,England,E92000001,2022-06-22,17760,19006315,14457,17961767,3303,1044548
nation,England,E92000001,2022-06-21,17528,18988555,14192,17947310,3336,1041245
nation,England,E92000001,2022-06-20,16918,18971027,13610,17933118,3308,1037909
nation,England,E92000001,2022-06-19,14521,18954109,11855,17919508,2666,1034601
nation,England,E92000001,2022-06-18,11636,18939588,9652,17907653,1984,1031935
nation,England,E92000001,2022-06-17,11640,18927952,9632,17898001,2008,1029951
nation,England,E92000001,2022-06-16,11911,18916312,9653,17888369,2258,1027943
nation,England,E92000001,2022-06-15,12386,18904401,10105,17878716,2281,1025685
nation,England,E92000001,2022-06-14,12659,18892015,10408,17868611,2251,1023404
nation,England,E92000001,2022-06-13,12955,18879356,10469,17858203,2486,1021153
nation,England,E92000001,2022-06-12,10716,18866401,8836,17847734,1880,1018667
nation,England,E92000001,2022-06-11,8466,18855685,7041,17838898,1425,1016787
nation,England,E92000001,2022-06-10,9154,18847219,7638,17831857,1516,1015362
nation,England,E92000001,2022-06-09,9585,18838065,7899,17824219,1686,1013846
nation,England,E92000001,2022-06-08,9953,18828480,8184,17816320,1769,1012160
nation,England,E92000001,2022-06-07,9481,18818527,7810,17808136,1671,1010391
nation,England,E92000001,2022-06-06,9799,18809046,8049,17800326,1750,1008720
nation,England,E92000001,2022-06-05,8351,18799247,6942,17792277,1409,1006970
nation,England,E92000001,2022-06-04,6277,18790896,5357,17785335,920,1005561
nation,England,E92000001,2022-06-03,5582,18784619,4791,17779978,791,1004641
nation,England,E92000001,2022-06-02,5081,18779037,4334,17775187,747,1003850
nation,England,E92000001,2022-06-01,5713,18773956,4956,17770853,757,1003103
nation,England,E92000001,2022-05-31,5732,18768243,4902,17765897,830,1002346
nation,England,E92000001,2022-05-30,5927,18762511,5040,17760995,887,1001516
nation,England,E92000001,2022-05-29,4686,18756584,3995,17755955,691,1000629
nation,England,E92000001,2022-05-28,4153,18751898,3561,17751960,592,999938
nation,England,E92000001,2022-05-27,4492,18747745,3825,17748399,667,999346
nation,England,E92000001,2022-05-26,4818,18743253,4000,17744574,818,998679
nation,England,E92000001,2022-05-25,5188,18738435,4303,17740574,885,997861
nation,England,E92000001,2022-05-24,5593,18733247,4648,17736271,945,996976
nation,England,E92000001,2022-05-23,6247,18727654,5123,17731623,1124,996031
nation,England,E92000001,2022-05-22,5151,18721407,4345,17726500,806,994907
nation,England,E92000001,2022-05-21,4243,18716256,3589,17722155,654,994101
nation,England,E92000001,2022-05-20,5046,18712013,4237,17718566,809,993447
nation,England,E92000001,2022-05-19,5783,18706967,4731,17714329,1052,992638
nation,England,E92000001,2022-05-18,6391,18701184,5316,17709598,1075,991586
nation,England,E92000001,2022-05-17,6831,18694793,5676,17704282,1155,990511
nation,England,E92000001,2022-05-16,7883,18687962,6453,17698606,1430,989356
nation,England,E92000001,2022-05-15,6730,18680079,5637,17692153,1093,987926
nation,England,E92000001,2022-05-14,5138,18673349,4311,17686516,827,986833
nation,England,E92000001,2022-05-13,5790,18668211,4902,17682205,888,986006
nation,England,E92000001,2022-05-12,6374,18662421,5340,17677303,1034,985118
nation,England,E92000001,2022-05-11,7262,18656047,6062,17671963,1200,984084
nation,England,E92000001,2022-05-10,8151,18648785,6772,17665901,1379,982884
nation,England,E92000001,2022-05-09,8868,18640634,7324,17659129,1544,981505
nation,England,E92000001,2022-05-08,7664,18631766,6417,17651805,1247,979961
nation,England,E92000001,2022-05-07,6353,18624102,5445,17645388,908,978714
nation,England,E92000001,2022-05-06,7508,18617749,6364,17639943,1144,977806
nation,England,E92000001,2022-05-05,8582,18610241,7205,17633579,1377,976662
nation,England,E92000001,2022-05-04,9775,18601659,8234,17626374,1541,975285
nation,England,E92000001,2022-05-03,11149,18591884,9301,17618140,1848,973744
nation,England,E92000001,2022-05-02,10327,18580735,8728,17608839,1599,971896
nation,England,E92000001,2022-05-01,7718,18570408,6638,17600111,1080,970297
nation,England,E92000001,2022-04-30,6864,18562690,5945,17593473,919,969217
nation,England,E92000001,2022-04-29,7987,18555826,6855,17587528,1132,968298
nation,England,E92000001,2022-04-28,9048,18547839,7712,17580673,1336,967166
nation,England,E92000001,2022-04-27,10115,18538791,8627,17572961,1488,965830
nation,England,E92000001,2022-04-26,11291,18528676,9632,17564334,1659,964342
nation,England,E92000001,2022-04-25,13395,18517385,11277,17554702,2118,962683
nation,England,E92000001,2022-04-24,11867,18503990,10248,17543425,1619,960565
nation,England,E92000001,2022-04-23,10570,18492123,9261,17533177,1309,958946
nation,England,E92000001,2022-04-22,12519,18481553,10848,17523916,1671,957637
nation,England,E92000001,2022-04-21,14518,18469034,12569,17513068,1949,955966
nation,England,E92000001,2022-04-20,16963,18454516,14762,17500499,2201,954017
nation,England,E92000001,2022-04-19,20590,18437553,17773,17485737,2817,951816
nation,England,E92000001,2022-04-18,20560,18416963,17868,17467964,2692,948999
nation,England,E92000001,2022-04-17,16261,18396403,14389,17450096,1872,946307
nation,England,E92000001,2022-04-16,16086,18380142,14357,17435707,1729,944435
nation,England,E92000001,2022-04-15,17301,18364056,15377,17421350,1924,942706
nation,England,E92000001,2022-04-14,21433,18346755,18973,17405973,2460,940782
nation,England,E92000001,2022-04-13,25506,18325322,22617,17387000,2889,938322
nation,England,E92000001,2022-04-12,27380,18299816,24176,17364383,3204,935433
nation,England,E92000001,2022-04-11,30597,18272436,26941,17340207,3656,932229
nation,England,E92000001,2022-04-10,25637,18241839,22867,17313266,2770,928573
nation,England,E92000001,2022-04-09,23010,18216202,20505,17290399,2505,925803
nation,England,E92000001,2022-04-08,27387,18193192,24305,17269894,3082,923298
nation,England,E92000001,2022-04-07,31745,18165805,27979,17245589,3766,920216
nation,England,E92000001,2022-04-06,36886,18134060,32597,17217610,4289,916450
nation,England,E92000001,2022-04-05,40395,18097174,35751,17185013,4644,912161
nation,England,E92000001,2022-04-04,45131,18056779,39799,17149262,5332,907517
nation,England,E92000001,2022-04-03,35598,18011648,31738,17109463,3860,902185
nation,England,E92000001,2022-04-02,31603,17976050,28255,17077725,3348,898325
nation,England,E92000001,2022-04-01,40342,17944447,35905,17049470,4437,894977
nation,England,E92000001,2022-03-31,45872,17904105,40702,17013565,5170,890540
nation,England,E92000001,2022-03-30,62747,17858233,55344,16972863,7403,885370
nation,England,E92000001,2022-03-29,67441,17795486,59381,16917519,8060,877967
nation,England,E92000001,2022-03-28,78903,17728045,69228,16858138,9675,869907
nation,England,E92000001,2022-03-27,57999,17649142,51347,16788910,6652,860232
nation,England,E92000001,2022-03-26,51773,17591143,46256,16737563,5517,853580
nation,England,E92000001,2022-03-25,60256,17539370,53549,16691307,6707,848063
nation,England,E92000001,2022-03-24,68601,17479114,60939,16637758,7662,841356
nation,England,E92000001,2022-03-23,77593,17410513,68840,16576819,8753,833694
nation,England,E92000001,2022-03-22,81847,17332920,72559,16507979,9288,824941
nation,England,E92000001,2022-03-21,89904,17251073,79356,16435420,10548,815653
nation,England,E92000001,2022-03-20,66902,17161169,59475,16356064,7427,805105
nation,England,E92000001,2022-03-19,55210,17094267,49581,16296589,5629,797678
nation,England,E92000001,2022-03-18,61903,17039057,55417,16247008,6486,792049
nation,England,E92000001,2022-03-17,67683,16977154,60468,16191591,7215,785563
nation,England,E92000001,2022-03-16,73955,16909471,66034,16131123,7921,778348
nation,England,E92000001,2022-03-15,74098,16835516,66265,16065089,7833,770427
nation,England,E92000001,2022-03-14,79518,16761418,70931,15998824,8587,762594
nation,England,E92000001,2022-03-13,60262,16681900,53980,15927893,6282,754007
nation,England,E92000001,2022-03-12,49155,16621638,44259,15873913,4896,747725
nation,England,E92000001,2022-03-11,52269,16572483,47064,15829654,5205,742829
nation,England,E92000001,2022-03-10,54292,16520214,48768,15782590,5524,737624
nation,England,E92000001,2022-03-09,55489,16465922,49874,15733822,5615,732100
nation,England,E92000001,2022-03-08,52340,16410433,47055,15683948,5285,726485
nation,England,E92000001,2022-03-07,50984,16358093,45550,15636893,5434,721200
nation,England,E92000001,2022-03-06,35912,16307109,32400,15591343,3512,715766
nation,England,E92000001,2022-03-05,28503,16271197,25906,15558943,2597,712254
nation,England,E92000001,2022-03-04,30604,16242694,27715,15533037,2889,709657
nation,England,E92000001,2022-03-03,31533,16212090,28490,15505322,3043,706768
nation,England,E92000001,2022-03-02,33359,16180557,30084,15476832,3275,703725
nation,England,E92000001,2022-03-01,31857,16147198,28981,15446748,2876,700450
nation,England,E92000001,2022-02-28,31858,16115341,28808,15417767,3050,697574
nation,England,E92000001,2022-02-27,22165,16083483,20134,15388959,2031,694524
nation,England,E92000001,2022-02-26,17601,16061318,16124,15368825,1477,692493
nation,England,E92000001,2022-02-25,19531,16043717,17765,15352701,1766,691016
nation,England,E92000001,2022-02-24,21883,16024186,19801,15334936,2082,689250
nation,England,E92000001,2022-02-23,26008,16002303,23618,15315135,2390,687168
nation,England,E92000001,2022-02-22,28017,15976295,25328,15291517,2689,684778
nation,England,E92000001,2022-02-21,33030,15948278,29910,15266189,3120,682089
nation,England,E92000001,2022-02-20,28408,15915248,25901,15236279,2507,678969
nation,England,E92000001,2022-02-19,26430,15886840,24157,15210378,2273,676462
nation,England,E92000001,2022-02-18,24921,15860410,22664,15186221,2257,674189
nation,England,E92000001,2022-02-17,34168,15835489,30958,15163557,3210,671932
nation,England,E92000001,2022-02-16,39443,15801321,35726,15132599,3717,668722
nation,England,E92000001,2022-02-15,40144,15761878,36338,15096873,3806,665005
nation,England,E92000001,2022-02-14,42491,15721734,38431,15060535,4060,661199
nation,England,E92000001,2022-02-13,32326,15679243,29342,15022104,2984,657139
nation,England,E92000001,2022-02-12,29140,15646917,26639,14992762,2501,654155
nation,England,E92000001,2022-02-11,34942,15617777,31724,14966123,3218,651654
nation,England,E92000001,2022-02-10,41331,15582835,37253,14934399,4078,648436
nation,England,E92000001,2022-02-09,51014,15541504,45961,14897146,5053,644358
nation,England,E92000001,2022-02-08,55437,15490490,49986,14851185,5451,639305
nation,England,E92000001,2022-02-07,62672,15435053,56298,14801199,6374,633854
nation,England,E92000001,2022-02-06,50143,15372381,45154,14744901,4989,627480
nation,England,E92000001,2022-02-05,43233,15322238,39305,14699747,3928,622491
nation,England,E92000001,2022-02-04,52556,15279005,47717,14660442,4839,618563
nation,England,E92000001,2022-02-03,64031,15226449,57738,14612725,6293,613724
nation,England,E92000001,2022-02-02,73907,15162418,66617,14554987,7290,607431
nation,England,E92000001,2022-02-01,78512,15088511,70498,14488370,8014,600141
nation,England,E92000001,2022-01-31,88499,15009999,79481,14417872,9018,592127
nation,England,E92000001,2022-01-30,74976,14921500,67584,14338391,7392,583109
nation,England,E92000001,2022-01-29,63018,14846524,57273,14270807,5745,575717
nation,England,E92000001,2022-01-28,71682,14783506,64864,14213534,6818,569972
nation,England,E92000001,2022-01-27,82727,14711824,74669,14148670,8058,563154
nation,England,E92000001,2022-01-26,93211,14629097,83994,14074001,9217,555096
nation,England,E92000001,2022-01-25,96954,14535886,87344,13990007,9610,545879
nation,England,E92000001,2022-01-24,109233,14438932,98278,13902663,10955,536269
nation,England,E92000001,2022-01-23,88557,14329699,80098,13804385,8459,525314
nation,England,E92000001,2022-01-22,70483,14241142,64190,13724287,6293,516855
nation,England,E92000001,2022-01-21,79172,14170659,71810,13660097,7362,510562
nation,England,E92000001,2022-01-20,86952,14091487,78895,13588287,8057,503200
nation,England,E92000001,2022-01-19,97333,14004535,88151,13509392,9182,495143
nation,England,E92000001,2022-01-18,103308,13907202,93489,13421241,9819,485961
nation,England,E92000001,2022-01-17,114776,13803894,103816,13327752,10960,476142
nation,England,E92000001,2022-01-16,85596,13689118,77692,13223936,7904,465182
nation,England,E92000001,2022-01-15,67819,13603522,62052,13146244,5767,457278
nation,England,E92000001,2022-01-14,75174,13535703,68447,13084192,6727,451511
nation,England,E92000001,2022-01-13,84132,13460529,76293,13015745,7839,444784
nation,England,E92000001,2022-01-12,90002,13376397,81440,12939452,8562,436945
nation,England,E92000001,2022-01-11,100978,13286395,91495,12858012,9483,428383
nation,England,E92000001,2022-01-10,116340,13185417,105279,12766517,11061,418900
nation,England,E92000001,2022-01-09,83079,13069077,75304,12661238,7775,407839
nation,England,E92000001,2022-01-08,81218,12985998,73716,12585934,7502,400064
nation,England,E92000001,2022-01-07,105081,12904780,94766,12512218,10315,392562
nation,England,E92000001,2022-01-06,150786,12799699,134876,12417452,15910,382247
nation,England,E92000001,2022-01-05,183794,12648913,164541,12282576,19253,366337
nation,England,E92000001,2022-01-04,234873,12465119,210589,12118035,24284,347084
nation,England,E92000001,2022-01-03,193612,12230246,173522,11907446,20090,322800
nation,England,E92000001,2022-01-02,148606,12036634,133956,11733924,14650,302710
nation,England,E92000001,2022-01-01,99297,11888028,90299,11599968,8998,288060
nation,England,E92000001,2021-12-31,152884,11788731,138925,11509669,13959,279062
nation,England,E92000001,2021-12-30,192822,11635847,175034,11370744,17788,265103
nation,England,E92000001,2021-12-29,224023,11443025,204424,11195710,19599,247315
nation,England,E92000001,2021-12-28,170580,11219002,155661,10991286,14919,227716
nation,England,E92000001,2021-12-27,155563,11048422,142559,10835625,13004,212797
nation,England,E92000001,2021-12-26,98906,10892859,91192,10693066,7714,199793
nation,England,E92000001,2021-12-25,59911,10793953,55561,10601874,4350,192079
nation,England,E92000001,2021-12-24,117562,10734042,108028,10546313,9534,187729
nation,England,E92000001,2021-12-23,137022,10616480,125446,10438285,11576,178195
nation,England,E92000001,2021-12-22,138143,10479458,126490,10312839,11653,166619
nation,England,E92000001,2021-12-21,129598,10341315,119020,10186349,10578,154966
nation,England,E92000001,2021-12-20,117577,10211717,108417,10067329,9160,144388
nation,England,E92000001,2021-12-19,78493,10094140,72709,9958912,5784,135228
nation,England,E92000001,2021-12-18,78930,10015647,73210,9886203,5720,129444
nation,England,E92000001,2021-12-17,84949,9936717,78631,9812993,6318,123724
nation,England,E92000001,2021-12-16,93797,9851768,86923,9734362,6874,117406
nation,England,E92000001,2021-12-15,99651,9757971,92591,9647439,7060,110532
nation,England,E92000001,2021-12-14,90715,9658320,84771,9554848,5944,103472
nation,England,E92000001,2021-12-13,76508,9567605,72510,9470077,3998,97528
nation,England,E92000001,2021-12-12,46366,9491097,44506,9397567,1860,93530
nation,England,E92000001,2021-12-11,41940,9444731,40517,9353061,1423,91670
nation,England,E92000001,2021-12-10,45017,9402791,43538,9312544,1479,90247
nation,England,E92000001,2021-12-09,48816,9357774,47247,9269006,1569,88768
nation,England,E92000001,2021-12-08,50057,9308958,48589,9221759,1468,87199
nation,England,E92000001,2021-12-07,48140,9258901,46898,9173170,1242,85731
nation,England,E92000001,2021-12-06,51121,9210761,49977,9126272,1144,84489
nation,England,E92000001,2021-12-05,35037,9159640,34455,9076295,582,83345
nation,England,E92000001,2021-12-04,33378,9124603,32835,9041840,543,82763
nation,England,E92000001,2021-12-03,39222,9091225,38624,9009005,598,82220
nation,England,E92000001,2021-12-02,43046,9052003,42394,8970381,652,81622
nation,England,E92000001,2021-12-01,47262,9008957,46561,8927987,701,80970
nation,England,E92000001,2021-11-30,47631,8961695,46945,8881426,686,80269
nation,England,E92000001,2021-11-29,47940,8914064,47192,8834481,748,79583
nation,England,E92000001,2021-11-28,33855,8866124,33398,8787289,457,78835
nation,England,E92000001,2021-11-27,28456,8832269,28077,8753891,379,78378
nation,England,E92000001,2021-11-26,33665,8803813,33212,8725814,453,77999
nation,England,E92000001,2021-11-25,37142,8770148,36587,8692602,555,77546
nation,England,E92000001,2021-11-24,39880,8733006,39314,8656015,566,76991
nation,England,E92000001,2021-11-23,41015,8693126,40483,8616701,532,76425
nation,England,E92000001,2021-11-22,42869,8652111,42310,8576218,559,75893
nation,England,E92000001,2021-11-21,31763,8609242,31360,8533908,403,75334
nation,England,E92000001,2021-11-20,29868,8577479,29498,8502548,370,74931
nation,England,E92000001,2021-11-19,33186,8547611,32774,8473050,412,74561
nation,England,E92000001,2021-11-18,37098,8514425,36606,8440276,492,74149
nation,England,E92000001,2021-11-17,38256,8477327,37770,8403670,486,73657
nation,England,E92000001,2021-11-16,38655,8439071,38111,8365900,544,73171
nation,England,E92000001,2021-11-15,42478,8400416,41892,8327789,586,72627
nation,England,E92000001,2021-11-14,29597,8357938,29239,8285897,358,72041
nation,England,E92000001,2021-11-13,27356,8328341,27040,8256658,316,71683
nation,England,E92000001,2021-11-12,31339,8300985,30920,8229618,419,71367
nation,England,E92000001,2021-11-11,33700,8269646,33234,8198698,466,70948
nation,England,E92000001,2021-11-10,35390,8235946,34911,8165464,479,70482
nation,England,E92000001,2021-11-09,34679,8200556,34204,8130553,475,70003
nation,England,E92000001,2021-11-08,36140,8165877,35609,8096349,531,69528
nation,England,E92000001,2021-11-07,25447,8129737,25107,8060740,340,68997
nation,England,E92000001,2021-11-06,22581,8104290,22280,8035633,301,68657
nation,England,E92000001,2021-11-05,24405,8081709,24039,8013353,366,68356
nation,England,E92000001,2021-11-04,27378,8057304,27032,7989314,346,67990
nation,England,E92000001,2021-11-03,29396,8029926,29014,7962282,382,67644
nation,England,E92000001,2021-11-02,31328,8000530,30911,7933268,417,67262
nation,England,E92000001,2021-11-01,37663,7969202,37115,7902357,548,66845
nation,England,E92000001,2021-10-31,29564,7931539,29166,7865242,398,66297
nation,England,E92000001,2021-10-30,28243,7901975,27952,7836076,291,65899
nation,England,E92000001,2021-10-29,33995,7873732,33562,7808124,433,65608
nation,England,E92000001,2021-10-28,35077,7839737,34647,7774562,430,65175
nation,England,E92000001,2021-10-27,36524,7804660,36100,7739915,424,64745
nation,England,E92000001,2021-10-26,35276,7768136,34861,7703815,415,64321
nation,England,E92000001,2021-10-25,39957,7732860,39459,7668954,498,63906
nation,England,E92000001,2021-10-24,30092,7692903,29748,7629495,344,63408
nation,England,E92000001,2021-10-23,29747,7662811,29419,7599747,328,63064
nation,England,E92000001,2021-10-22,34507,7633064,34088,7570328,419,62736
nation,England,E92000001,2021-10-21,38580,7598557,38112,7536240,468,62317
nation,England,E92000001,2021-10-20,43963,7559977,43482,7498128,481,61849
nation,England,E92000001,2021-10-19,44630,7516014,44105,7454646,525,61368
nation,England,E92000001,2021-10-18,49257,7471384,48654,7410541,603,60843
nation,England,E92000001,2021-10-17,37502,7422127,37121,7361887,381,60240
nation,England,E92000001,2021-10-16,31639,7384625,31301,7324766,338,59859
nation,England,E92000001,2021-10-15,36631,7352986,36254,7293465,377,59521
nation,England,E92000001,2021-10-14,39263,7316355,38782,7257211,481,59144
nation,England,E92000001,2021-10-13,40545,7277092,40094,7218429,451,58663
nation,England,E92000001,2021-10-12,40892,7236547,40395,7178335,497,58212
nation,England,E92000001,2021-10-11,43115,7195655,42656,7137940,459,57715
nation,England,E92000001,2021-10-10,31499,7152540,31160,7095284,339,57256
nation,England,E92000001,2021-10-09,27180,7121041,26865,7064124,315,56917
nation,England,E92000001,2021-10-08,29848,7093861,29495,7037259,353,56602
nation,England,E92000001,2021-10-07,32158,7064013,31790,7007764,368,56249
nation,England,E92000001,2021-10-06,32547,7031855,32176,6975974,371,55881
nation,England,E92000001,2021-10-05,32268,6999308,31874,6943798,394,55510
nation,England,E92000001,2021-10-04,36476,6967040,36086,6911924,390,55116
nation,England,E92000001,2021-10-03,27137,6930564,26847,6875838,290,54726
nation,England,E92000001,2021-10-02,21873,6903427,21655,6848991,218,54436
nation,England,E92000001,2021-10-01,24134,6881554,23857,6827336,277,54218
nation,England,E92000001,2021-09-30,26809,6857420,26504,6803479,305,53941
nation,England,E92000001,2021-09-29,28688,6830611,28378,6776975,310,53636
nation,England,E92000001,2021-09-28,29627,6801923,29265,6748597,362,53326
nation,England,E92000001,2021-09-27,34595,6772296,34165,6719332,430,52964
nation,England,E92000001,2021-09-26,26814,6737701,26477,6685167,337,52534
nation,England,E92000001,2021-09-25,23389,6710887,23118,6658690,271,52197
nation,England,E92000001,2021-09-24,25755,6687498,25427,6635572,328,51926
nation,England,E92000001,2021-09-23,28340,6661743,27940,6610145,400,51598
nation,England,E92000001,2021-09-22,28789,6633403,28435,6582205,354,51198
nation,England,E92000001,2021-09-21,30547,6604614,30181,6553770,366,50844
nation,England,E92000001,2021-09-20,32121,6574067,31714,6523589,407,50478
nation,England,E92000001,2021-09-19,24789,6541946,24479,6491875,310,50071
nation,England,E92000001,2021-09-18,20926,6517157,20672,6467396,254,49761
nation,England,E92000001,2021-09-17,22375,6496231,22113,6446724,262,49507
nation,England,E92000001,2021-09-16,22319,6473856,22040,6424611,279,49245
nation,England,E92000001,2021-09-15,22414,6451537,22148,6402571,266,48966
nation,England,E92000001,2021-09-14,22640,6429123,22343,6380423,297,48700
nation,England,E92000001,2021-09-13,25199,6406483,24869,6358080,330,48403
nation,England,E92000001,2021-09-12,17879,6381284,17643,6333211,236,48073
nation,England,E92000001,2021-09-11,16956,6363405,16740,6315568,216,47837
nation,England,E92000001,2021-09-10,21031,6346449,20736,6298828,295,47621
nation,England,E92000001,2021-09-09,24440,6325418,24122,6278092,318,47326
nation,England,E92000001,2021-09-08,25659,6300978,25270,6253970,389,47008
nation,England,E92000001,2021-09-07,27938,6275319,27585,6228700,353,46619
nation,England,E92000001,2021-09-06,33135,6247381,32685,6201115,450,46266
nation,England,E92000001,2021-09-05,23457,6214246,23160,6168430,297,45816
nation,England,E92000001,2021-09-04,23409,6190789,23140,6145270,269,45519
nation,England,E92000001,2021-09-03,28727,6167380,28365,6122130,362,45250
nation,England,E92000001,2021-09-02,30637,6138653,30230,6093765,407,44888
nation,England,E92000001,2021-09-01,31600,6108016,31216,6063535,384,44481
nation,England,E92000001,2021-08-31,33565,6076416,33122,6032319,443,44097
nation,England,E92000001,2021-08-30,24972,6042851,24647,5999197,325,43654
nation,England,E92000001,2021-08-29,19151,6017879,18908,5974550,243,43329
nation,England,E92000001,2021-08-28,20136,5998728,19901,5955642,235,43086
nation,England,E92000001,2021-08-27,24251,5978592,23952,5935741,299,42851
nation,England,E92000001,2021-08-26,26482,5954341,26116,5911789,366,42552
nation,England,E92000001,2021-08-25,27901,5927859,27545,5885673,356,42186
nation,England,E92000001,2021-08-24,28212,5899958,27836,5858128,376,41830
nation,England,E92000001,2021-08-23,30333,5871746,29948,5830292,385,41454
nation,England,E92000001,2021-08-22,22409,5841413,22157,5800344,252,41069
nation,England,E92000001,2021-08-21,22602,5819004,22340,5778187,262,40817
nation,England,E92000001,2021-08-20,25555,5796402,25234,5755847,321,40555
nation,England,E92000001,2021-08-19,29080,5770847,28676,5730613,404,40234
nation,England,E92000001,2021-08-18,31426,5741767,30979,5701937,447,39830
nation,England,E92000001,2021-08-17,31094,5710341,30625,5670958,469,39383
nation,England,E92000001,2021-08-16,30860,5679247,30423,5640333,437,38914
nation,England,E92000001,2021-08-15,21279,5648387,21018,5609910,261,38477
nation,England,E92000001,2021-08-14,21336,5627108,21103,5588892,233,38216
nation,England,E92000001,2021-08-13,24991,5605772,24670,5567789,321,37983
nation,England,E92000001,2021-08-12,27690,5580781,27304,5543119,386,37662
nation,England,E92000001,2021-08-11,29134,5553091,28778,5515815,356,37276
nation,England,E92000001,2021-08-10,27610,5523957,27216,5487037,394,36920
nation,England,E92000001,2021-08-09,28292,5496347,27877,5459821,415,36526
nation,England,E92000001,2021-08-08,20157,5468055,19901,5431944,256,36111
nation,England,E92000001,2021-08-07,19957,5447898,19678,5412043,279,35855
nation,England,E92000001,2021-08-06,24852,5427941,24500,5392365,352,35576
nation,England,E92000001,2021-08-05,28125,5403089,27757,5367865,368,35224
nation,England,E92000001,2021-08-04,28895,5374964,28499,5340108,396,34856
nation,England,E92000001,2021-08-03,27061,5346069,26696,5311609,365,34460
nation,England,E92000001,2021-08-02,26580,5319008,26198,5284913,382,34095
nation,England,E92000001,2021-08-01,18714,5292428,18472,5258715,242,33713
nation,England,E92000001,2021-07-31,18449,5273714,18172,5240243,277,33471
nation,England,E92000001,2021-07-30,22109,5255265,21788,5222071,321,33194
nation,England,E92000001,2021-07-29,25361,5233156,25012,5200283,349,32873
nation,England,E92000001,2021-07-28,26925,5207795,26568,5175271,357,32524
nation,England,E92000001,2021-07-27,26026,5180870,25650,5148703,376,32167
nation,England,E92000001,2021-07-26,26540,5154844,26173,5123053,367,31791
nation,England,E92000001,2021-07-25,19657,5128304,19405,5096880,252,31424
nation,England,E92000001,2021-07-24,20276,5108647,20013,5077475,263,31172
nation,England,E92000001,2021-07-23,24586,5088371,24280,5057462,306,30909
nation,England,E92000001,2021-07-22,27711,5063785,27382,5033182,329,30603
nation,England,E92000001,2021-07-21,31676,5036074,31292,5005800,384,30274
nation,England,E92000001,2021-07-20,35948,5004398,35418,4974508,530,29890
nation,England,E92000001,2021-07-19,43401,4968450,42819,4939090,582,29360
nation,England,E92000001,2021-07-18,33163,4925049,32765,4896271,398,28778
nation,England,E92000001,2021-07-17,35280,4891886,34904,4863506,376,28380
nation,England,E92000001,2021-07-16,51137,4856606,50518,4828602,619,28004
nation,England,E92000001,2021-07-15,57583,4805469,56823,4778084,760,27385
nation,England,E92000001,2021-07-14,50319,4747886,49652,4721261,667,26625
nation,England,E92000001,2021-07-13,43246,4697567,42656,4671609,590,25958
nation,England,E92000001,2021-07-12,40478,4654321,39958,4628953,520,25368
nation,England,E92000001,2021-07-11,27418,4613843,27133,4588995,285,24848
nation,England,E92000001,2021-07-10,25411,4586425,25117,4561862,294,24563
nation,England,E92000001,2021-07-09,29049,4561014,28692,4536745,357,24269
nation,England,E92000001,2021-07-08,29925,4531965,29534,4508053,391,23912
nation,England,E92000001,2021-07-07,34274,4502040,33813,4478519,461,23521
nation,England,E92000001,2021-07-06,31627,4467766,31200,4444706,427,23060
nation,England,E92000001,2021-07-05,30215,4436139,29762,4413506,453,22633
nation,England,E92000001,2021-07-04,21806,4405924,21525,4383744,281,22180
nation,England,E92000001,2021-07-03,20638,4384118,20365,4362219,273,21899
nation,England,E92000001,2021-07-02,22288,4363480,21956,4341854,332,21626
nation,England,E92000001,2021-07-01,24267,4341192,23840,4319898,427,21294
nation,England,E92000001,2021-06-30,23941,4316925,23593,4296058,348,20867
nation,England,E92000001,2021-06-29,23250,4292984,22881,4272465,369,20519
nation,England,E92000001,2021-06-28,23511,4269734,23077,4249584,434,20150
nation,England,E92000001,2021-06-27,15407,4246223,15150,4226507,257,19716
nation,England,E92000001,2021-06-26,13486,4230816,13273,4211357,213,19459
nation,England,E92000001,2021-06-25,14901,4217330,14626,4198084,275,19246
nation,England,E92000001,2021-06-24,15082,4202429,14813,4183458,269,18971
nation,England,E92000001,2021-06-23,14805,4187347,14523,4168645,282,18702
nation,England,E92000001,2021-06-22,13564,4172542,13316,4154122,248,18420
nation,England,E92000001,2021-06-21,12706,4158978,12485,4140806,221,18172
nation,England,E92000001,2021-06-20,8204,4146272,8066,4128321,138,17951
nation,England,E92000001,2021-06-19,7126,4138068,6989,4120255,137,17813
nation,England,E92000001,2021-06-18,8772,4130942,8565,4113266,207,17676
nation,England,E92000001,2021-06-17,9523,4122170,9293,4104701,230,17469
nation,England,E92000001,2021-06-16,9411,4112647,9240,4095408,171,17239
nation,England,E92000001,2021-06-15,9149,4103236,8931,4086168,218,17068
nation,England,E92000001,2021-06-14,8941,4094087,8766,4077237,175,16850
nation,England,E92000001,2021-06-13,6075,4085146,5957,4068471,118,16675
nation,England,E92000001,2021-06-12,5422,4079071,5310,4062514,112,16557
nation,England,E92000001,2021-06-11,6510,4073649,6375,4057204,135,16445
nation,England,E92000001,2021-06-10,6717,4067139,6582,4050829,135,16310
nation,England,E92000001,2021-06-09,6919,4060422,6794,4044247,125,16175
nation,England,E92000001,2021-06-08,6630,4053503,6476,4037453,154,16050
nation,England,E92000001,2021-06-07,6790,4046873,6648,4030977,142,15896
nation,England,E92000001,2021-06-06,4729,4040083,4640,4024329,89,15754
nation,England,E92000001,2021-06-05,3964,4035354,3909,4019689,55,15665
nation,England,E92000001,2021-06-04,4885,4031390,4797,4015780,88,15610
nation,England,E92000001,2021-06-03,5129,4026505,5017,4010983,112,15522
nation,England,E92000001,2021-06-02,5039,4021376,4952,4005966,87,15410
nation,England,E92000001,2021-06-01,4515,4016337,4391,4001014,124,15323
nation,England,E92000001,2021-05-31,3170,4011822,3089,3996623,81,15199
nation,England,E92000001,2021-05-30,2598,4008652,2551,3993534,47,15118
nation,England,E92000001,2021-05-29,2462,4006054,2420,3990983,42,15071
nation,England,E92000001,2021-05-28,2929,4003592,2853,3988563,76,15029
nation,England,E92000001,2021-05-27,3075,4000663,2990,3985710,85,14953
nation,England,E92000001,2021-05-26,3178,3997588,3098,3982720,80,14868
nation,England,E92000001,2021-05-25,2797,3994410,2712,3979622,85,14788
nation,England,E92000001,2021-05-24,2749,3991613,2658,3976910,91,14703
nation,England,E92000001,2021-05-23,1918,3988864,1863,3974252,55,14612
nation,England,E92000001,2021-05-22,1606,3986946,1554,3972389,52,14557
nation,England,E92000001,2021-05-21,1870,3985340,1820,3970835,50,14505
nation,England,E92000001,2021-05-20,2000,3983470,1934,3969015,66,14455
nation,England,E92000001,2021-05-19,2260,3981470,2193,3967081,67,14389
nation,England,E92000001,2021-05-18,2241,3979210,2165,3964888,76,14322
nation,England,E92000001,2021-05-17,2341,3976969,2264,3962723,77,14246
nation,England,E92000001,2021-05-16,1586,3974628,1541,3960459,45,14169
nation,England,E92000001,2021-05-15,1304,3973042,1269,3958918,35,14124
nation,England,E92000001,2021-05-14,1538,3971738,1480,3957649,58,14089
nation,England,E92000001,2021-05-13,1737,3970200,1679,3956169,58,14031
nation,England,E92000001,2021-05-12,1868,3968463,1797,3954490,71,13973
nation,England,E92000001,2021-05-11,1871,3966595,1805,3952693,66,13902
nation,England,E92000001,2021-05-10,2324,3964724,2259,3950888,65,13836
nation,England,E92000001,2021-05-09,1985,3962400,1915,3948629,70,13771
nation,England,E92000001,2021-05-08,1300,3960415,1259,3946714,41,13701
nation,England,E92000001,2021-05-07,1656,3959115,1598,3945455,58,13660
nation,England,E92000001,2021-05-06,1966,3957459,1883,3943857,83,13602
nation,England,E92000001,2021-05-05,2203,3955493,2109,3941974,94,13519
nation,England,E92000001,2021-05-04,2198,3953290,2119,3939865,79,13425
nation,England,E92000001,2021-05-03,1806,3951092,1752,3937746,54,13346
nation,England,E92000001,2021-05-02,1305,3949286,1257,3935994,48,13292
nation,England,E92000001,2021-05-01,1209,3947981,1166,3934737,43,13244
nation,England,E92000001,2021-04-30,1528,3946772,1456,3933571,72,13201
nation,England,E92000001,2021-04-29,1901,3945244,1819,3932115,82,13129
nation,England,E92000001,2021-04-28,2153,3943343,2080,3930296,73,13047
nation,England,E92000001,2021-04-27,1808,3941190,1749,3928216,59,12974
nation,England,E92000001,2021-04-26,2268,3939382,2164,3926467,104,12915
nation,England,E92000001,2021-04-25,1897,3937114,1831,3924303,66,12811
nation,England,E92000001,2021-04-24,1300,3935217,1256,3922472,44,12745
nation,England,E92000001,2021-04-23,1701,3933917,1626,3921216,75,12701
nation,England,E92000001,2021-04-22,2032,3932216,1944,3919590,88,12626
nation,England,E92000001,2021-04-21,2299,3930184,2216,3917646,83,12538
nation,England,E92000001,2021-04-20,2112,3927885,2005,3915430,107,12455
nation,England,E92000001,2021-04-19,2268,3925773,2182,3913425,86,12348
nation,England,E92000001,2021-04-18,2281,3923505,2214,3911243,67,12262
nation,England,E92000001,2021-04-17,1398,3921224,1361,3909029,37,12195
nation,England,E92000001,2021-04-16,1963,3919826,1902,3907668,61,12158
nation,England,E92000001,2021-04-15,1959,3917863,1885,3905766,74,12097
nation,England,E92000001,2021-04-14,2068,3915904,2009,3903881,59,12023
nation,England,E92000001,2021-04-13,2060,3913836,1981,3901872,79,11964
nation,England,E92000001,2021-04-12,2398,3911776,2316,3899891,82,11885
nation,England,E92000001,2021-04-11,2020,3909378,1983,3897575,37,11803
nation,England,E92000001,2021-04-10,2009,3907358,1972,3895592,37,11766
nation,England,E92000001,2021-04-09,2481,3905349,2419,3893620,62,11729
nation,England,E92000001,2021-04-08,2651,3902868,2573,3891201,78,11667
nation,England,E92000001,2021-04-07,2752,3900217,2688,3888628,64,11589
nation,England,E92000001,2021-04-06,2755,3897465,2680,3885940,75,11525
nation,England,E92000001,2021-04-05,2314,3894710,2269,3883260,45,11450
nation,England,E92000001,2021-04-04,2043,3892396,2006,3880991,37,11405
nation,England,E92000001,2021-04-03,2119,3890353,2093,3878985,26,11368
nation,England,E92000001,2021-04-02,2248,3888234,2212,3876892,36,11342
nation,England,E92000001,2021-04-01,3067,3885986,3015,3874680,52,11306
nation,England,E92000001,2021-03-31,3341,3882919,3285,3871665,56,11254
nation,England,E92000001,2021-03-30,3135,3879578,3079,3868380,56,11198
nation,England,E92000001,2021-03-29,3422,3876443,3363,3865301,59,11142
nation,England,E92000001,2021-03-28,4476,3873021,4415,3861938,61,11083
nation,England,E92000001,2021-03-27,3136,3868545,3097,3857523,39,11022
nation,England,E92000001,2021-03-26,3803,3865409,3756,3854426,47,10983
nation,England,E92000001,2021-03-25,4674,3861606,4609,3850670,65,10936
nation,England,E92000001,2021-03-24,5321,3856932,5252,3846061,69,10871
nation,England,E92000001,2021-03-23,4563,3851611,4502,3840809,61,10802
nation,England,E92000001,2021-03-22,5399,3847048,5340,3836307,59,10741
nation,England,E92000001,2021-03-21,4677,3841649,4628,3830967,49,10682
nation,England,E92000001,2021-03-20,3513,3836972,3484,3826339,29,10633
nation,England,E92000001,2021-03-19,4329,3833459,4274,3822855,55,10604
nation,England,E92000001,2021-03-18,4680,3829130,4649,3818581,31,10549
nation,England,E92000001,2021-03-17,5046,3824450,4999,3813932,47,10518
nation,England,E92000001,2021-03-16,4919,3819404,4875,3808933,44,10471
nation,England,E92000001,2021-03-15,5638,3814485,5584,3804058,54,10427
nation,England,E92000001,2021-03-14,3707,3808847,3676,3798474,31,10373
nation,England,E92000001,2021-03-13,3590,3805140,3562,3794798,28,10342
nation,England,E92000001,2021-03-12,4766,3801550,4729,3791236,37,10314
nation,England,E92000001,2021-03-11,4848,3796784,4809,3786507,39,10277
nation,England,E92000001,2021-03-10,5223,3791936,5165,3781698,58,10238
nation,England,E92000001,2021-03-09,5488,3786713,5409,3776533,79,10180
nation,England,E92000001,2021-03-08,5818,3781225,5734,3771124,84,10101
nation,England,E92000001,2021-03-07,3677,3775407,3648,3765390,29,10017
nation,England,E92000001,2021-03-06,3832,3771730,3809,3761742,23,9988
nation,England,E92000001,2021-03-05,4728,3767898,4678,3757933,50,9965
nation,England,E92000001,2021-03-04,5011,3763170,4956,3753255,55,9915
nation,England,E92000001,2021-03-03,5305,3758159,5252,3748299,53,9860
nation,England,E92000001,2021-03-02,5951,3752854,5856,3743047,95,9807
nation,England,E92000001,2021-03-01,6215,3746903,6088,3737191,127,9712
nation,England,E92000001,2021-02-28,4112,3740688,4080,3731103,32,9585
nation,England,E92000001,2021-02-27,4254,3736576,4230,3727023,24,9553
nation,England,E92000001,2021-02-26,5884,3732322,5832,3722793,52,9529
nation,England,E92000001,2021-02-25,6935,3726438,6832,3716961,103,9477
nation,England,E92000001,2021-02-24,7620,3719503,7525,3710129,95,9374
nation,England,E92000001,2021-02-23,8536,3711883,8424,3702604,112,9279
nation,England,E92000001,2021-02-22,10278,3703347,10120,3694180,158,9167
nation,England,E92000001,2021-02-21,7032,3693069,6986,3684060,46,9009
nation,England,E92000001,2021-02-20,7161,3686037,7113,3677074,48,8963
nation,England,E92000001,2021-02-19,9246,3678876,9139,3669961,107,8915
nation,England,E92000001,2021-02-18,10304,3669630,10207,3660822,97,8808
nation,England,E92000001,2021-02-17,10419,3659326,10316,3650615,103,8711
nation,England,E92000001,2021-02-16,11270,3648907,11171,3640299,99,8608
nation,England,E92000001,2021-02-15,12953,3637637,12804,3629128,149,8509
nation,England,E92000001,2021-02-14,7780,3624684,7743,3616324,37,8360
nation,England,E92000001,2021-02-13,8025,3616904,7985,3608581,40,8323
nation,England,E92000001,2021-02-12,10986,3608879,10893,3600596,93,8283
nation,England,E92000001,2021-02-11,11637,3597893,11567,3589703,70,8190
nation,England,E92000001,2021-02-10,12272,3586256,12173,3578136,99,8120
nation,England,E92000001,2021-02-09,12696,3573984,12591,3565963,105,8021
nation,England,E92000001,2021-02-08,14370,3561288,14268,3553372,102,7916
nation,England,E92000001,2021-02-07,10457,3546918,10420,3539104,37,7814
nation,England,E92000001,2021-02-06,10951,3536461,10910,3528684,41,7777
nation,England,E92000001,2021-02-05,14462,3525510,14374,3517774,88,7736
nation,England,E92000001,2021-02-04,16717,3511048,16629,3503400,88,7648
nation,England,E92000001,2021-02-03,17948,3494331,17851,3486771,97,7560
nation,England,E92000001,2021-02-02,18194,3476383,18100,3468920,94,7463
nation,England,E92000001,2021-02-01,20765,3458189,20672,3450820,93,7369
nation,England,E92000001,2021-01-31,14138,3437424,14089,3430148,49,7276
nation,England,E92000001,2021-01-30,15524,3423286,15463,3416059,61,7227
nation,England,E92000001,2021-01-29,20362,3407762,20276,3400596,86,7166
nation,England,E92000001,2021-01-28,22523,3387400,22428,3380320,95,7080
nation,England,E92000001,2021-01-27,23899,3364877,23806,3357892,93,6985
nation,England,E92000001,2021-01-26,25210,3340978,25086,3334086,124,6892
nation,England,E92000001,2021-01-25,27972,3315768,27851,3309000,121,6768
nation,England,E92000001,2021-01-24,15883,3287796,15850,3281149,33,6647
nation,England,E92000001,2021-01-23,20426,3271913,20365,3265299,61,6614
nation,England,E92000001,2021-01-22,27741,3251487,27643,3244934,98,6553
nation,England,E92000001,2021-01-21,29633,3223746,29518,3217291,115,6455
nation,England,E92000001,2021-01-20,32679,3194113,32547,3187773,132,6340
nation,England,E92000001,2021-01-19,37056,3161434,36894,3155226,162,6208
nation,England,E92000001,2021-01-18,41936,3124378,41759,3118332,177,6046
nation,England,E92000001,2021-01-17,26976,3082442,26904,3076573,72,5869
nation,England,E92000001,2021-01-16,28412,3055466,28334,3049669,78,5797
nation,England,E92000001,2021-01-15,37878,3027054,37759,3021335,119,5719
nation,England,E92000001,2021-01-14,39659,2989176,39527,2983576,132,5600
nation,England,E92000001,2021-01-13,42303,2949517,42198,2944049,105,5468
nation,England,E92000001,2021-01-12,45968,2907214,45798,2901851,170,5363
nation,England,E92000001,2021-01-11,53519,2861246,53344,2856053,175,5193
nation,England,E92000001,2021-01-10,33749,2807727,33692,2802709,57,5018
nation,England,E92000001,2021-01-09,36419,2773978,36348,2769017,71,4961
nation,England,E92000001,2021-01-08,43494,2737559,43381,2732669,113,4890
nation,England,E92000001,2021-01-07,48132,2694065,48018,2689288,114,4777
nation,England,E92000001,2021-01-06,52752,2645933,52622,2641270,130,4663
nation,England,E92000001,2021-01-05,59599,2593181,59426,2588648,173,4533
nation,England,E92000001,2021-01-04,70920,2533582,70761,2529222,159,4360
nation,England,E92000001,2021-01-03,50664,2462662,50599,2458461,65,4201
nation,England,E92000001,2021-01-02,55428,2411998,55345,2407862,83,4136
nation,England,E92000001,2021-01-01,28879,2356570,28836,2352517,43,4053
nation,England,E92000001,2020-12-31,47823,2327691,47759,2323681,64,4010
nation,England,E92000001,2020-12-30,64243,2279868,64131,2275922,112,3946
nation,England,E92000001,2020-12-29,74058,2215625,73926,2211791,132,3834
nation,England,E92000001,2020-12-28,40846,2141567,40799,2137865,47,3702
nation,England,E92000001,2020-12-27,43250,2100721,43200,2097066,50,3655
nation,England,E92000001,2020-12-26,37462,2057471,37421,2053866,41,3605
nation,England,E92000001,2020-12-25,12926,2020009,12906,2016445,20,3564
nation,England,E92000001,2020-12-24,29287,2007083,29244,2003539,43,3544
nation,England,E92000001,2020-12-23,38383,1977796,38326,1974295,57,3501
nation,England,E92000001,2020-12-22,41741,1939413,41658,1935969,83,3444
nation,England,E92000001,2020-12-21,43446,1897672,43383,1894311,63,3361
nation,England,E92000001,2020-12-20,29556,1854226,29523,1850928,33,3298
nation,England,E92000001,2020-12-19,22196,1824670,22168,1821405,28,3265
nation,England,E92000001,2020-12-18,32426,1802474,32380,1799237,46,3237
nation,England,E92000001,2020-12-17,30160,1770048,30116,1766857,44,3191
nation,England,E92000001,2020-12-16,30650,1739888,30611,1736741,39,3147
nation,England,E92000001,2020-12-15,29652,1709238,29609,1706130,43,3108
nation,England,E92000001,2020-12-14,30019,1679586,29975,1676521,44,3065
nation,England,E92000001,2020-12-13,18409,1649567,18391,1646546,18,3021
nation,England,E92000001,2020-12-12,16268,1631158,16241,1628155,27,3003
nation,England,E92000001,2020-12-11,20177,1614890,20142,1611914,35,2976
nation,England,E92000001,2020-12-10,18850,1594713,18819,1591772,31,2941
nation,England,E92000001,2020-12-09,17744,1575863,17708,1572953,36,2910
nation,England,E92000001,2020-12-08,16937,1558119,16902,1555245,35,2874
nation,England,E92000001,2020-12-07,17663,1541182,17627,1538343,36,2839
nation,England,E92000001,2020-12-06,11036,1523519,11022,1520716,14,2803
nation,England,E92000001,2020-12-05,10302,1512483,10295,1509694,7,2789
nation,England,E92000001,2020-12-04,13065,1502181,13045,1499399,20,2782
nation,England,E92000001,2020-12-03,12762,1489116,12734,1486354,28,2762
nation,England,E92000001,2020-12-02,13662,1476354,13636,1473620,26,2734
nation,England,E92000001,2020-12-01,13731,1462692,13700,1459984,31,2708
nation,England,E92000001,2020-11-30,15227,1448961,15202,1446284,25,2677
nation,England,E92000001,2020-11-29,9067,1433734,9055,1431082,12,2652
nation,England,E92000001,2020-11-28,9347,1424667,9332,1422027,15,2640
nation,England,E92000001,2020-11-27,12460,1415320,12437,1412695,23,2625
nation,England,E92000001,2020-11-26,12459,1402860,12441,1400258,18,2602
nation,England,E92000001,2020-11-25,14154,1390401,14129,1387817,25,2584
nation,England,E92000001,2020-11-24,14264,1376247,14238,1373688,26,2559
nation,England,E92000001,2020-11-23,16472,1361983,16449,1359450,23,2533
nation,England,E92000001,2020-11-22,10216,1345511,10206,1343001,10,2510
nation,England,E92000001,2020-11-21,10806,1335295,10794,1332795,12,2500
nation,England,E92000001,2020-11-20,14960,1324489,14936,1322001,24,2488
nation,England,E92000001,2020-11-19,15797,1309529,15775,1307065,22,2464
nation,England,E92000001,2020-11-18,18549,1293732,18516,1291290,33,2442
nation,England,E92000001,2020-11-17,20676,1275183,20654,1272774,22,2409
nation,England,E92000001,2020-11-16,24135,1254507,24107,1252120,28,2387
nation,England,E92000001,2020-11-15,14421,1230372,14408,1228013,13,2359
nation,England,E92000001,2020-11-14,16290,1215951,16278,1213605,12,2346
nation,England,E92000001,2020-11-13,22009,1199661,21983,1197327,26,2334
nation,England,E92000001,2020-11-12,22320,1177652,22289,1175344,31,2308
nation,England,E92000001,2020-11-11,25065,1155332,25036,1153055,29,2277
nation,England,E92000001,2020-11-10,24836,1130267,24803,1128019,33,2248
nation,England,E92000001,2020-11-09,28561,1105431,28519,1103216,42,2215
nation,England,E92000001,2020-11-08,18273,1076870,18255,1074697,18,2173
nation,England,E92000001,2020-11-07,16888,1058597,16877,1056442,11,2155
nation,England,E92000001,2020-11-06,21180,1041709,21146,1039565,34,2144
nation,England,E92000001,2020-11-05,21205,1020529,21167,1018419,38,2110
nation,England,E92000001,2020-11-04,21053,999324,21021,997252,32,2072
nation,England,E92000001,2020-11-03,22690,978271,22649,976231,41,2040
nation,England,E92000001,2020-11-02,28394,955581,28356,953582,38,1999
nation,England,E92000001,2020-11-01,13611,927187,13591,925226,20,1961
nation,England,E92000001,2020-10-31,14565,913576,14549,911635,16,1941
nation,England,E92000001,2020-10-30,19899,899011,19871,897086,28,1925
nation,England,E92000001,2020-10-29,20257,879112,20227,877215,30,1897
nation,England,E92000001,2020-10-28,20547,858855,20523,856988,24,1867
nation,England,E92000001,2020-10-27,20761,838308,20740,836465,21,1843
nation,England,E92000001,2020-10-26,23033,817547,23008,815725,25,1822
nation,England,E92000001,2020-10-25,13354,794514,13345,792717,9,1797
nation,England,E92000001,2020-10-24,13713,781160,13696,779372,17,1788
nation,England,E92000001,2020-10-23,18359,767447,18329,765676,30,1771
nation,England,E92000001,2020-10-22,19866,749088,19849,747347,17,1741
nation,England,E92000001,2020-10-21,21762,729222,21735,727498,27,1724
nation,England,E92000001,2020-10-20,21638,707460,21590,705763,48,1697
nation,England,E92000001,2020-10-19,22369,685822,22342,684173,27,1649
nation,England,E92000001,2020-10-18,11982,663453,11966,661831,16,1622
nation,England,E92000001,2020-10-17,12487,651471,12472,649865,15,1606
nation,England,E92000001,2020-10-16,14761,638984,14730,637393,31,1591
nation,England,E92000001,2020-10-15,15429,624223,15394,622663,35,1560
nation,England,E92000001,2020-10-14,16646,608794,16626,607269,20,1525
nation,England,E92000001,2020-10-13,15660,592148,15625,590643,35,1505
nation,England,E92000001,2020-10-12,16420,576488,16395,575018,25,1470
nation,England,E92000001,2020-10-11,9781,560068,9772,558623,9,1445
nation,England,E92000001,2020-10-10,10301,550287,10287,548851,14,1436
nation,England,E92000001,2020-10-09,13159,539986,13131,538564,28,1422
nation,England,E92000001,2020-10-08,15452,526827,15434,525433,18,1394
nation,England,E92000001,2020-10-07,15418,511375,15387,509999,31,1376
nation,England,E92000001,2020-10-06,14458,495957,14430,494612,28,1345
nation,England,E92000001,2020-10-05,14218,481499,14184,480182,34,1317
nation,England,E92000001,2020-10-04,9966,467281,9957,465998,9,1283
nation,England,E92000001,2020-10-03,9820,457315,9810,456041,10,1274
nation,England,E92000001,2020-10-02,11719,447495,11692,446231,27,1264
nation,England,E92000001,2020-10-01,11444,435776,11416,434539,28,1237
nation,England,E92000001,2020-09-30,10663,424332,10632,423123,31,1209
nation,England,E92000001,2020-09-29,8832,413669,8797,412491,35,1178
nation,England,E92000001,2020-09-28,8641,404837,8625,403694,16,1143
nation,England,E92000001,2020-09-27,6084,396196,6075,395069,9,1127
nation,England,E92000001,2020-09-26,5704,390112,5699,388994,5,1118
nation,England,E92000001,2020-09-25,6105,384408,6090,383295,15,1113
nation,England,E92000001,2020-09-24,6361,378303,6340,377205,21,1098
nation,England,E92000001,2020-09-23,5933,371942,5913,370865,20,1077
nation,England,E92000001,2020-09-22,5400,366009,5379,364952,21,1057
nation,England,E92000001,2020-09-21,4727,360609,4715,359573,12,1036
nation,England,E92000001,2020-09-20,4652,355882,4645,354858,7,1024
nation,England,E92000001,2020-09-19,4215,351230,4210,350213,5,1017
nation,England,E92000001,2020-09-18,4290,347015,4266,346003,24,1012
nation,England,E92000001,2020-09-17,3979,342725,3959,341737,20,988
nation,England,E92000001,2020-09-16,3778,338746,3753,337778,25,968
nation,England,E92000001,2020-09-15,3057,334968,3032,334025,25,943
nation,England,E92000001,2020-09-14,2941,331911,2915,330993,26,918
nation,England,E92000001,2020-09-13,1722,328970,1719,328078,3,892
nation,England,E92000001,2020-09-12,2224,327248,2216,326359,8,889
nation,England,E92000001,2020-09-11,2893,325024,2868,324143,25,881
nation,England,E92000001,2020-09-10,3143,322131,3123,321275,20,856
nation,England,E92000001,2020-09-09,2893,318988,2873,318152,20,836
nation,England,E92000001,2020-09-08,3071,316095,3035,315279,36,816
nation,England,E92000001,2020-09-07,3530,313024,3482,312244,48,780
nation,England,E92000001,2020-09-06,2079,309494,2069,308762,10,732
nation,England,E92000001,2020-09-05,2200,307415,2195,306693,5,722
nation,England,E92000001,2020-09-04,2637,305215,2605,304498,32,717
nation,England,E92000001,2020-09-03,2716,302578,2671,301893,45,685
nation,England,E92000001,2020-09-02,2696,299862,2643,299222,53,640
nation,England,E92000001,2020-09-01,1962,297166,1941,296579,21,587
nation,England,E92000001,2020-08-31,1279,295204,1272,294638,7,566
nation,England,E92000001,2020-08-30,987,293925,983,293366,4,559
nation,England,E92000001,2020-08-29,1051,292938,1047,292383,4,555
nation,England,E92000001,2020-08-28,1395,291887,1386,291336,9,551
nation,England,E92000001,2020-08-27,1356,290492,1330,289950,26,542
nation,England,E92000001,2020-08-26,1181,289136,1156,288620,25,516
nation,England,E92000001,2020-08-25,1085,287955,1069,287464,16,491
nation,England,E92000001,2020-08-24,1157,286870,1146,286395,11,475
nation,England,E92000001,2020-08-23,704,285713,701,285249,3,464
nation,England,E92000001,2020-08-22,732,285009,727,284548,5,461
nation,England,E92000001,2020-08-21,1031,284277,1014,283821,17,456
nation,England,E92000001,2020-08-20,1254,283246,1231,282807,23,439
nation,England,E92000001,2020-08-19,1109,281992,1086,281576,23,416
nation,England,E92000001,2020-08-18,955,280883,939,280490,16,393
nation,England,E92000001,2020-08-17,1159,279928,1150,279551,9,377
nation,England,E92000001,2020-08-16,534,278769,529,278401,5,368
nation,England,E92000001,2020-08-15,656,278235,655,277872,1,363
nation,England,E92000001,2020-08-14,1059,277579,1040,277217,19,362
nation,England,E92000001,2020-08-13,1036,276520,1030,276177,6,343
nation,England,E92000001,2020-08-12,1126,275484,1107,275147,19,337
nation,England,E92000001,2020-08-11,1247,274358,1221,274040,26,318
nation,England,E92000001,2020-08-10,1375,273111,1361,272819,14,292
nation,England,E92000001,2020-08-09,569,271736,565,271458,4,278
nation,England,E92000001,2020-08-08,648,271167,642,270893,6,274
nation,England,E92000001,2020-08-07,892,270519,881,270251,11,268
nation,England,E92000001,2020-08-06,1005,269627,991,269370,14,257
nation,England,E92000001,2020-08-05,974,268622,952,268379,22,243
nation,England,E92000001,2020-08-04,965,267648,938,267427,27,221
nation,England,E92000001,2020-08-03,963,266683,947,266489,16,194
nation,England,E92000001,2020-08-02,518,265720,514,265542,4,178
nation,England,E92000001,2020-08-01,508,265202,503,265028,5,174
nation,England,E92000001,2020-07-31,644,264694,635,264525,9,169
nation,England,E92000001,2020-07-30,879,264050,864,263890,15,160
nation,England,E92000001,2020-07-29,994,263171,979,263026,15,145
nation,England,E92000001,2020-07-28,796,262177,783,262047,13,130
nation,England,E92000001,2020-07-27,824,261381,814,261264,10,117
nation,England,E92000001,2020-07-26,518,260557,517,260450,1,107
nation,England,E92000001,2020-07-25,499,260039,496,259933,3,106
nation,England,E92000001,2020-07-24,720,259540,712,259437,8,103
nation,England,E92000001,2020-07-23,741,258820,736,258725,5,95
nation,England,E92000001,2020-07-22,764,258079,756,257989,8,90
nation,England,E92000001,2020-07-21,697,257315,691,257233,6,82
nation,England,E92000001,2020-07-20,769,256618,759,256542,10,76
nation,England,E92000001,2020-07-19,419,255849,414,255783,5,66
nation,England,E92000001,2020-07-18,473,255430,471,255369,2,61
nation,England,E92000001,2020-07-17,548,254957,547,254898,1,59
nation,England,E92000001,2020-07-16,644,254409,639,254351,5,58
nation,England,E92000001,2020-07-15,726,253765,722,253712,4,53
nation,England,E92000001,2020-07-14,661,253039,657,252990,4,49
nation,England,E92000001,2020-07-13,694,252378,694,252333,0,45
nation,England,E92000001,2020-07-12,351,251684,351,251639,0,45
nation,England,E92000001,2020-07-11,433,251333,429,251288,4,45
nation,England,E92000001,2020-07-10,524,250900,521,250859,3,41
nation,England,E92000001,2020-07-09,688,250376,682,250338,6,38
nation,England,E92000001,2020-07-08,682,249688,676,249656,6,32
nation,England,E92000001,2020-07-07,565,249006,562,248980,3,26
nation,England,E92000001,2020-07-06,664,248441,660,248418,4,23
nation,England,E92000001,2020-07-05,544,247777,543,247758,1,19
nation,England,E92000001,2020-07-04,385,247233,385,247215,0,18
nation,England,E92000001,2020-07-03,536,246848,535,246830,1,18
nation,England,E92000001,2020-07-02,561,246312,557,246295,4,17
nation,England,E92000001,2020-07-01,607,245751,604,245738,3,13
nation,England,E92000001,2020-06-30,578,245144,577,245134,1,10
nation,England,E92000001,2020-06-29,666,244566,664,244557,2,9
nation,England,E92000001,2020-06-28,413,243900,412,243893,1,7
nation,England,E92000001,2020-06-27,506,243487,504,243481,2,6
nation,England,E92000001,2020-06-26,640,242981,639,242977,1,4
nation,England,E92000001,2020-06-25,643,242341,643,242338,0,3
nation,England,E92000001,2020-06-24,732,241698,731,241695,1,3
nation,England,E92000001,2020-06-23,727,240966,726,240964,1,2
nation,England,E92000001,2020-06-22,821,240239,821,240238,0,1
nation,England,E92000001,2020-06-21,550,239418,550,239417,0,1
nation,England,E92000001,2020-06-20,626,238868,626,238867,0,1
nation,England,E92000001,2020-06-19,818,238242,817,238241,1,1
nation,England,E92000001,2020-06-18,938,237424,938,237424,,
nation,England,E92000001,2020-06-17,914,236486,914,236486,,
nation,England,E92000001,2020-06-16,996,235572,996,235572,,
nation,England,E92000001,2020-06-15,944,234576,944,234576,,
nation,England,E92000001,2020-06-14,752,233632,752,233632,,
nation,England,E92000001,2020-06-13,785,232880,785,232880,,
nation,England,E92000001,2020-06-12,938,232095,938,232095,,
nation,England,E92000001,2020-06-11,915,231157,915,231157,,
nation,England,E92000001,2020-06-10,1086,230242,1086,230242,,
nation,England,E92000001,2020-06-09,1066,229156,1066,229156,,
nation,England,E92000001,2020-06-08,990,228090,990,228090,,
nation,England,E92000001,2020-06-07,668,227100,668,227100,,
nation,England,E92000001,2020-06-06,723,226432,723,226432,,
nation,England,E92000001,2020-06-05,1020,225709,1020,225709,,
nation,England,E92000001,2020-06-04,1147,224689,1147,224689,,
nation,England,E92000001,2020-06-03,1251,223542,1251,223542,,
nation,England,E92000001,2020-06-02,1365,222291,1365,222291,,
nation,England,E92000001,2020-06-01,1319,220926,1319,220926,,
nation,England,E92000001,2020-05-31,984,219607,984,219607,,
nation,England,E92000001,2020-05-30,1010,218623,1010,218623,,
nation,England,E92000001,2020-05-29,1374,217613,1374,217613,,
nation,England,E92000001,2020-05-28,1575,216239,1575,216239,,
nation,England,E92000001,2020-05-27,1616,214664,1616,214664,,
nation,England,E92000001,2020-05-26,1461,213048,1461,213048,,
nation,England,E92000001,2020-05-25,1389,211587,1389,211587,,
nation,England,E92000001,2020-05-24,1206,210198,1206,210198,,
nation,England,E92000001,2020-05-23,1309,208992,1309,208992,,
nation,England,E92000001,2020-05-22,1798,207683,1798,207683,,
nation,England,E92000001,2020-05-21,2277,205885,2277,205885,,
nation,England,E92000001,2020-05-20,2359,203608,2359,203608,,
nation,England,E92000001,2020-05-19,2602,201249,2602,201249,,
nation,England,E92000001,2020-05-18,2226,198647,2226,198647,,
nation,England,E92000001,2020-05-17,1593,196421,1593,196421,,
nation,England,E92000001,2020-05-16,1781,194828,1781,194828,,
nation,England,E92000001,2020-05-15,2145,193047,2145,193047,,
nation,England,E92000001,2020-05-14,2222,190902,2222,190902,,
nation,England,E92000001,2020-05-13,2899,188680,2899,188680,,
nation,England,E92000001,2020-05-12,2940,185781,2940,185781,,
nation,England,E92000001,2020-05-11,3088,182841,3088,182841,,
nation,England,E92000001,2020-05-10,2013,179753,2013,179753,,
nation,England,E92000001,2020-05-09,1797,177740,1797,177740,,
nation,England,E92000001,2020-05-08,2622,175943,2622,175943,,
nation,England,E92000001,2020-05-07,3205,173321,3205,173321,,
nation,England,E92000001,2020-05-06,3264,170116,3264,170116,,
nation,England,E92000001,2020-05-05,3148,166852,3148,166852,,
nation,England,E92000001,2020-05-04,2851,163704,2851,163704,,
nation,England,E92000001,2020-05-03,2648,160853,2648,160853,,
nation,England,E92000001,2020-05-02,2762,158205,2762,158205,,
nation,England,E92000001,2020-05-01,4109,155443,4109,155443,,
nation,England,E92000001,2020-04-30,4314,151334,4314,151334,,
nation,England,E92000001,2020-04-29,4737,147020,4737,147020,,
nation,England,E92000001,2020-04-28,4113,142283,4113,142283,,
nation,England,E92000001,2020-04-27,4056,138170,4056,138170,,
nation,England,E92000001,2020-04-26,3137,134114,3137,134114,,
nation,England,E92000001,2020-04-25,3381,130977,3381,130977,,
nation,England,E92000001,2020-04-24,4352,127596,4352,127596,,
nation,England,E92000001,2020-04-23,4575,123244,4575,123244,,
nation,England,E92000001,2020-04-22,4812,118669,4812,118669,,
nation,England,E92000001,2020-04-21,3995,113857,3995,113857,,
nation,England,E92000001,2020-04-20,3698,109862,3698,109862,,
nation,England,E92000001,2020-04-19,3494,106164,3494,106164,,
nation,England,E92000001,2020-04-18,4142,102670,4142,102670,,
nation,England,E92000001,2020-04-17,4088,98528,4088,98528,,
nation,England,E92000001,2020-04-16,4360,94440,4360,94440,,
nation,England,E92000001,2020-04-15,4240,90080,4240,90080,,
nation,England,E92000001,2020-04-14,3568,85840,3568,85840,,
nation,England,E92000001,2020-04-13,3463,82272,3463,82272,,
nation,England,E92000001,2020-04-12,2958,78809,2958,78809,,
nation,England,E92000001,2020-04-11,3085,75851,3085,75851,,
nation,England,E92000001,2020-04-10,3590,72766,3590,72766,,
nation,England,E92000001,2020-04-09,4076,69176,4076,69176,,
nation,England,E92000001,2020-04-08,4315,65100,4315,65100,,
nation,England,E92000001,2020-04-07,4605,60785,4605,60785,,
nation,England,E92000001,2020-04-06,4407,56180,4407,56180,,
nation,England,E92000001,2020-04-05,3094,51773,3094,51773,,
nation,England,E92000001,2020-04-04,3405,48679,3405,48679,,
nation,England,E92000001,2020-04-03,4102,45274,4102,45274,,
nation,England,E92000001,2020-04-02,4097,41172,4097,41172,,
nation,England,E92000001,2020-04-01,4150,37075,4150,37075,,
nation,England,E92000001,2020-03-31,3816,32925,3816,32925,,
nation,England,E92000001,2020-03-30,3514,29109,3514,29109,,
nation,England,E92000001,2020-03-29,2449,25595,2449,25595,,
nation,England,E92000001,2020-03-28,2379,23146,2379,23146,,
nation,England,E92000001,2020-03-27,2672,20767,2672,20767,,
nation,England,E92000001,2020-03-26,2633,18095,2633,18095,,
nation,England,E92000001,2020-03-25,2284,15462,2284,15462,,
nation,England,E92000001,2020-03-24,2041,13178,2041,13178,,
nation,England,E92000001,2020-03-23,2010,11137,2010,11137,,
nation,England,E92000001,2020-03-22,1212,9127,1212,9127,,
nation,England,E92000001,2020-03-21,1040,7915,1040,7915,,
nation,England,E92000001,2020-03-20,1096,6875,1096,6875,,
nation,England,E92000001,2020-03-19,932,5779,932,5779,,
nation,England,E92000001,2020-03-18,910,4847,910,4847,,
nation,England,E92000001,2020-03-17,683,3937,683,3937,,
nation,England,E92000001,2020-03-16,552,3254,552,3254,,
nation,England,E92000001,2020-03-15,398,2702,398,2702,,
nation,England,E92000001,2020-03-14,315,2304,315,2304,,
nation,England,E92000001,2020-03-13,401,1989,401,1989,,
nation,England,E92000001,2020-03-12,421,1588,421,1588,,
nation,England,E92000001,2020-03-11,358,1167,358,1167,,
nation,England,E92000001,2020-03-10,229,809,229,809,,
nation,England,E92000001,2020-03-09,127,580,127,580,,
nation,England,E92000001,2020-03-08,50,453,50,453,,
nation,England,E92000001,2020-03-07,55,403,55,403,,
nation,England,E92000001,2020-03-06,74,348,74,348,,
nation,England,E92000001,2020-03-05,46,274,46,274,,
nation,England,E92000001,2020-03-04,49,228,49,228,,
nation,England,E92000001,2020-03-03,52,179,52,179,,
nation,England,E92000001,2020-03-02,40,127,40,127,,
nation,England,E92000001,2020-03-01,18,87,18,87,,
nation,England,E92000001,2020-02-29,4,69,4,69,,
nation,England,E92000001,2020-02-28,11,65,11,65,,
nation,England,E92000001,2020-02-27,7,54,7,54,,
nation,England,E92000001,2020-02-26,1,47,1,47,,
nation,England,E92000001,2020-02-25,3,46,3,46,,
nation,England,E92000001,2020-02-24,2,43,2,43,,
nation,England,E92000001,2020-02-23,6,41,6,41,,
nation,England,E92000001,2020-02-22,0,35,0,35,,
nation,England,E92000001,2020-02-21,2,35,2,35,,
nation,England,E92000001,2020-02-20,0,33,0,33,,
nation,England,E92000001,2020-02-19,0,33,0,33,,
nation,England,E92000001,2020-02-18,0,33,0,33,,
nation,England,E92000001,2020-02-17,1,33,1,33,,
nation,England,E92000001,2020-02-16,0,32,0,32,,
nation,England,E92000001,2020-02-15,0,32,0,32,,
nation,England,E92000001,2020-02-14,0,32,0,32,,
nation,England,E92000001,2020-02-13,1,32,1,32,,
nation,England,E92000001,2020-02-12,1,31,1,31,,
nation,England,E92000001,2020-02-11,4,30,4,30,,
nation,England,E92000001,2020-02-10,1,26,1,26,,
nation,England,E92000001,2020-02-09,1,25,1,25,,
nation,England,E92000001,2020-02-08,3,24,3,24,,
nation,England,E92000001,2020-02-07,0,21,0,21,,
nation,England,E92000001,2020-02-06,0,21,0,21,,
nation,England,E92000001,2020-02-05,1,21,1,21,,
nation,England,E92000001,2020-02-04,0,20,0,20,,
nation,England,E92000001,2020-02-03,18,20,18,20,,
nation,England,E92000001,2020-02-02,1,2,1,2,,
nation,England,E92000001,2020-02-01,0,1,0,1,,
nation,England,E92000001,2020-01-31,0,1,0,1,,
nation,England,E92000001,2020-01-30,1,1,1,1,,
